Russell County, AL	4047434
Long County, GA	4048080
Boone County, KY	4048522
Rowan County, KY	4048572
Bibb County, AL	4049189
Campbell County, TN	4050506
Blount County, AL	4050633
Bullock County, AL	4052497
Butler County, AL	4052744
Calhoun County, AL	4053062
Chambers County, AL	4054621
Cherokee County, AL	4054880
Chilton County, AL	4055067
Choctaw County, AL	4055170
Clarke County, AL	4055624
Clay County, AL	4055660
Cleburne County, AL	4055785
Coffee County, AL	4056099
Colbert County, AL	4056165
Conecuh County, AL	4056592
Coosa County, AL	4056809
Covington County, AL	4057296
Crenshaw County, AL	4057517
Cullman County, AL	4057837
Dale County, AL	4058052
Dallas County, AL	4058076
DeKalb County, AL	4058479
Elmore County, AL	4060563
Escambia County, AL	4060870
Etowah County, AL	4060938
Fayette County, AL	4061590
Franklin County, AL	4063130
Geneva County, AL	4063931
Greene County, AL	4065243
Hale County, AL	4065796
Henry County, AL	4066911
Houston County, AL	4068296
Jackson County, AL	4069472
Jefferson County, AL	4069696
Lamar County, AL	4071676
Lauderdale County, AL	4071898
Lawrence County, AL	4071959
Lee County, AL	4072098
Limestone County, AL	4072707
Lowndes County, AL	4073885
Macon County, AL	4074246
Madison County, AL	4074277
Marengo County, AL	4074590
Marion County, AL	4074636
Marshall County, AL	4074736
Mobile County, AL	4076607
Monroe County, AL	4076706
Montgomery County, AL	4076795
Morgan County, AL	4077029
Perry County, AL	4082741
Pickens County, AL	4082974
Pike County, AL	4083063
Randolph County, AL	4085418
Saint Clair County, AL	4087481
Shelby County, AL	4089551
Sumter County, AL	4092386
Talladega County, AL	4092795
Tallapoosa County, AL	4092827
Tuscaloosa County, AL	4094463
Walker County, AL	4096107
Washington County, AL	4096449
Wilcox County, AL	4097694
Winston County, AL	4098200
Arkansas County, AR	4099679
Ashley County, AR	4099869
Baxter County, AR	4100581
Benton County, AR	4101244
Boone County, AR	4102608
Bradley County, AR	4102799
Calhoun County, AR	4104063
Carroll County, AR	4104658
Chicot County, AR	4105506
Clark County, AR	4105838
Clay County, AR	4105899
Cleburne County, AR	4106009
Cleveland County, AR	4106032
Columbia County, AR	4106339
Conway County, AR	4106460
Craighead County, AR	4106979
Crawford County, AR	4107027
Crittenden County, AR	4107079
Cross County, AR	4107139
Dallas County, AR	4107572
Desha County, AR	4108100
Drew County, AR	4108996
Faulkner County, AR	4110465
Franklin County, AR	4111593
Fulton County, AR	4111857
Garland County, AR	4112045
Grant County, AR	4112780
Greene County, AR	4113088
Hempstead County, AR	4114303
Hot Spring County, AR	4115406
Howard County, AR	4115463
Independence County, AR	4115832
Izard County, AR	4116178
Jackson County, AR	4116263
Jefferson County, AR	4116433
Johnson County, AR	4116689
Lafayette County, AR	4117774
Lawrence County, AR	4118467
Lee County, AR	4118578
Lincoln County, AR	4118984
Little River County, AR	4119374
Logan County, AR	4119581
Lonoke County, AR	4119825
Madison County, AR	4120275
Marion County, AR	4120525
Miller County, AR	4121680
Mississippi County, AR	4121839
Monroe County, AR	4121968
Montgomery County, AR	4121992
Nevada County, AR	4123415
Newton County, AR	4123857
Ouachita County, AR	4125059
Perry County, AR	4125858
Phillips County, AR	4126012
Pike County, AR	4126123
Poinsett County, AR	4126942
Polk County, AR	4127017
Pope County, AR	4127100
Prairie County, AR	4127330
Pulaski County, AR	4127619
Randolph County, AR	4127846
Saint Francis County, AR	4129533
Saline County, AR	4130035
Scott County, AR	4130373
Searcy County, AR	4130432
Sebastian County, AR	4130449
Sevier County, AR	4130562
Sharp County, AR	4130730
Stone County, AR	4132456
Union County, AR	4134330
Van Buren County, AR	4134690
Washington County, AR	4135394
White County, AR	4136143
Woodruff County, AR	4137047
Yell County, AR	4137268
Kent County, DE	4143221
New Castle County, DE	4143835
Sussex County, DE	4144895
Alachua County, FL	4145709
Baker County, FL	4146548
Bay County, FL	4146810
Bradford County, FL	4148735
Brevard County, FL	4148826
Broward County, FL	4149007
Calhoun County, FL	4149608
Charlotte County, FL	4150627
Citrus County, FL	4151140
Clay County, FL	4151245
Collier County, FL	4151550
Columbia County, FL	4151595
DeSoto County, FL	4152927
Dixie County, FL	4153352
Duval County, FL	4153840
Escambia County, FL	4154550
Flagler County, FL	4155535
Franklin County, FL	4156210
Gadsden County, FL	4156394
Gilchrist County, FL	4156770
Glades County, FL	4156815
Gulf County, FL	4157652
Hamilton County, FL	4157924
Hardee County, FL	4158068
Hendry County, FL	4158392
Hernando County, FL	4158449
Highlands County, FL	4158643
Hillsborough County, FL	4158712
Holmes County, FL	4158961
Indian River County, FL	4159657
Jackson County, FL	4159990
Jefferson County, FL	4160118
Lafayette County, FL	4161127
Lake County, FL	4161204
Lee County, FL	4161743
Leon County, FL	4161831
Levy County, FL	4161891
Liberty County, FL	4161925
Madison County, FL	4163142
Manatee County, FL	4163277
Marion County, FL	4163456
Martin County, FL	4163566
Miami-Dade County, FL	4164238
Monroe County, FL	4164762
Nassau County, FL	4165603
Okaloosa County, FL	4166818
Okeechobee County, FL	4166825
Orange County, FL	4167060
Osceola County, FL	4167218
Palm Beach County, FL	4167510
Pasco County, FL	4167895
Pinellas County, FL	4168618
Polk County, FL	4168988
Putnam County, FL	4169471
Saint Johns County, FL	4171153
Saint Lucie County, FL	4171260
Santa Rosa County, FL	4172096
Sarasota County, FL	4172139
Seminole County, FL	4172445
Sumter County, FL	4174301
Suwannee County, FL	4174543
Taylor County, FL	4174886
Union County, FL	4176099
Volusia County, FL	4176559
Wakulla County, FL	4177321
Walton County, FL	4177409
Washington County, FL	4177485
Appling County, GA	4180088
Atkinson County, GA	4180432
Bacon County, GA	4180711
Baker County, GA	4180816
Baldwin County, GA	4180872
Banks County, GA	4180965
Barrow County, GA	4181182
Bartow County, GA	4181218
Ben Hill County, GA	4181955
Berrien County, GA	4182126
Bibb County, GA	4182755
Bleckley County, GA	4183415
Brantley County, GA	4184153
Brooks County, GA	4184557
Bryan County, GA	4184899
Bulloch County, GA	4185202
Burke County, GA	4185265
Butts County, GA	4185484
Calhoun County, GA	4185662
Camden County, GA	4185838
Candler County, GA	4186104
Carroll County, GA	4186396
Catoosa County, GA	4186713
Charlton County, GA	4187348
Chatham County, GA	4187390
Chattahoochee County, GA	4187416
Chattooga County, GA	4187459
Cherokee County, GA	4187535
Clarke County, GA	4188191
Clay County, GA	4188258
Clayton County, GA	4188291
Clinch County, GA	4188433
Cobb County, GA	4188547
Coffee County, GA	4188653
Colquitt County, GA	4188937
Columbia County, GA	4188957
Cook County, GA	4189236
Coweta County, GA	4189828
Crawford County, GA	4189924
Crisp County, GA	4190062
Dade County, GA	4190530
Dawson County, GA	4190959
DeKalb County, GA	4191014
Decatur County, GA	4191127
Dodge County, GA	4191654
Dooly County, GA	4191760
Dougherty County, GA	4191903
Douglas County, GA	4191928
Early County, GA	4192532
Echols County, GA	4192932
Effingham County, GA	4193042
Elbert County, GA	4193088
Emanuel County, GA	4193335
Evans County, GA	4193705
Fannin County, GA	4194387
Fayette County, GA	4194465
Floyd County, GA	4195536
Forsyth County, GA	4195777
Franklin County, GA	4196096
Fulton County, GA	4196508
Gilmer County, GA	4197146
Glascock County, GA	4197240
Glynn County, GA	4197388
Gordon County, GA	4197608
Grady County, GA	4197807
Greene County, GA	4198160
Gwinnett County, GA	4198645
Habersham County, GA	4198688
Hall County, GA	4198821
Hancock County, GA	4198997
Haralson County, GA	4199102
Harris County, GA	4199416
Hart County, GA	4199517
Heard County, GA	4199820
Henry County, GA	4200051
Houston County, GA	4201512
Irwin County, GA	4202266
Jackson County, GA	4202453
Jasper County, GA	4202638
Jeff Davis County, GA	4202662
Jefferson County, GA	4202678
Jenkins County, GA	4202750
Johnson County, GA	4202983
Jones County, GA	4203171
Lamar County, GA	4204869
Lanier County, GA	4205013
Laurens County, GA	4205152
Lee County, GA	4205331
Liberty County, GA	4205615
Lincoln County, GA	4205780
Lowndes County, GA	4207045
Lumpkin County, GA	4207132
Macon County, GA	4207403
Madison County, GA	4207451
Marion County, GA	4207805
McDuffie County, GA	4208454
McIntosh County, GA	4208544
Meriwether County, GA	4208945
Miller County, GA	4209479
Mitchell County, GA	4209744
Monroe County, GA	4209889
Montgomery County, GA	4209939
Morgan County, GA	4210114
Murray County, GA	4211691
Muscogee County, GA	4211716
Newton County, GA	4212736
Oconee County, GA	4213838
Oglethorpe County, GA	4213930
Paulding County, GA	4214993
Peach County, GA	4215089
Pickens County, GA	4215637
Pierce County, GA	4215697
Pike County, GA	4215755
Polk County, GA	4216880
Pulaski County, GA	4217563
Putnam County, GA	4217625
Quitman County, GA	4217715
Rabun County, GA	4217747
Randolph County, GA	4217909
Richmond County, GA	4218744
Rockdale County, GA	4219431
Schley County, GA	4221659
Screven County, GA	4221757
Seminole County, GA	4221942
Spalding County, GA	4223848
Stephens County, GA	4224510
Stewart County, GA	4224592
Sumter County, GA	4225168
Talbot County, GA	4225609
Taliaferro County, GA	4225621
Tattnall County, GA	4225814
Taylor County, GA	4225854
Telfair County, GA	4225944
Terrell County, GA	4226051
Thomas County, GA	4226286
Tift County, GA	4226538
Toombs County, GA	4226802
Towns County, GA	4226924
Treutlen County, GA	4227019
Troup County, GA	4227166
Turner County, GA	4227392
Twiggs County, GA	4227499
Union County, GA	4227781
Upson County, GA	4228098
Walker County, GA	4229163
Walton County, GA	4229371
Ware County, GA	4229446
Warren County, GA	4229498
Washington County, GA	4229557
Wayne County, GA	4229782
Webster County, GA	4229882
Wheeler County, GA	4230492
White County, GA	4230595
Whitfield County, GA	4230822
Wilcox County, GA	4230919
Wilkes County, GA	4231029
Wilkinson County, GA	4231046
Worth County, GA	4231976
Adams County, IL	4232512
Alexander County, IL	4232592
Bond County, IL	4234184
Brown County, IL	4234528
Calhoun County, IL	4235018
Cass County, IL	4235369
Christian County, IL	4235793
Clark County, IL	4235954
Clay County, IL	4235992
Clinton County, IL	4236063
Coles County, IL	4236157
Crawford County, IL	4236576
Cumberland County, IL	4236738
Douglas County, IL	4237204
Edgar County, IL	4237672
Edwards County, IL	4237705
Effingham County, IL	4237730
Fayette County, IL	4238245
Franklin County, IL	4238982
Gallatin County, IL	4239230
Greene County, IL	4239836
Hamilton County, IL	4240145
Hardin County, IL	4240212
Jackson County, IL	4241687
Jasper County, IL	4241756
Jefferson County, IL	4241773
Jersey County, IL	4241818
Johnson County, IL	4241904
Lawrence County, IL	4242758
Macon County, IL	4243719
Macoupin County, IL	4243727
Madison County, IL	4243743
Marion County, IL	4243907
Massac County, IL	4244065
Monroe County, IL	4244752
Montgomery County, IL	4244772
Morgan County, IL	4244840
Moultrie County, IL	4244913
Perry County, IL	4246841
Pike County, IL	4246953
Pope County, IL	4247387
Pulaski County, IL	4247655
Randolph County, IL	4247802
Richland County, IL	4248062
Saint Clair County, IL	4248751
Saline County, IL	4249341
Sangamon County, IL	4249472
Scott County, IL	4249615
Shelby County, IL	4249847
Union County, IL	4251707
Wabash County, IL	4252248
Washington County, IL	4252486
Wayne County, IL	4252607
White County, IL	4252955
Williamson County, IL	4253173
Bartholomew County, IN	4254165
Brown County, IN	4255024
Clark County, IN	4255818
Clay County, IN	4255843
Crawford County, IN	4256259
Daviess County, IN	4256468
Decatur County, IN	4256516
Dearborn County, IN	4256524
Dubois County, IN	4256808
Fayette County, IN	4257390
Floyd County, IN	4257565
Franklin County, IN	4257700
Gibson County, IN	4257948
Greene County, IN	4258280
Hancock County, IN	4258477
Harrison County, IN	4258587
Hendricks County, IN	4258778
Henry County, IN	4258792
Jackson County, IN	4259572
Jefferson County, IN	4259654
Jennings County, IN	4259679
Johnson County, IN	4259727
Knox County, IN	4259986
Lawrence County, IN	4260213
Marion County, IN	4260977
Martin County, IN	4261020
Monroe County, IN	4261526
Morgan County, IN	4261598
Ohio County, IN	4262462
Orange County, IN	4262595
Owen County, IN	4262691
Parke County, IN	4262785
Perry County, IN	4262934
Pike County, IN	4263024
Posey County, IN	4263298
Putnam County, IN	4263451
Ripley County, IN	4263732
Rush County, IN	4263953
Scott County, IN	4264540
Shelby County, IN	4264684
Spencer County, IN	4265152
Sullivan County, IN	4265509
Switzerland County, IN	4265618
Union County, IN	4266110
Vanderburgh County, IN	4266235
Vermillion County, IN	4266252
Vigo County, IN	4266295
Warrick County, IN	4266579
Washington County, IN	4266588
Wayne County, IN	4266673
Allen County, KS	4267492
Anderson County, KS	4267572
Atchison County, KS	4267734
Barber County, KS	4267902
Barton County, KS	4267938
Bourbon County, KS	4268552
Brown County, KS	4268687
Butler County, KS	4268899
Chase County, KS	4269424
Chautauqua County, KS	4269433
Cherokee County, KS	4269459
Clark County, KS	4269620
Clay County, KS	4269648
Cloud County, KS	4269744
Coffey County, KS	4269788
Comanche County, KS	4269851
Cowley County, KS	4270053
Crawford County, KS	4270088
Dickinson County, KS	4270394
Doniphan County, KS	4270436
Douglas County, KS	4270450
Edwards County, KS	4270841
Elk County, KS	4270898
Ellis County, KS	4270937
Ellsworth County, KS	4270946
Ford County, KS	4271650
Franklin County, KS	4271771
Geary County, KS	4272003
Graham County, KS	4272234
Greenwood County, KS	4272434
Harper County, KS	4272662
Harvey County, KS	4272705
Hodgeman County, KS	4273049
Jackson County, KS	4273514
Jefferson County, KS	4273563
Jewell County, KS	4273605
Johnson County, KS	4273638
Kingman County, KS	4273980
Kiowa County, KS	4274001
Labette County, KS	4274089
Leavenworth County, KS	4274307
Lincoln County, KS	4274455
Linn County, KS	4274536
Lyon County, KS	4274916
Marion County, KS	4275073
Marshall County, KS	4275111
McPherson County, KS	4275266
Miami County, KS	4275428
Mitchell County, KS	4275635
Montgomery County, KS	4275684
Morris County, KS	4275742
Nemaha County, KS	4276120
Neosho County, KS	4276136
Ness County, KS	4276164
Norton County, KS	4276454
Osage County, KS	4276754
Osborne County, KS	4276786
Ottawa County, KS	4276817
Pawnee County, KS	4277045
Phillips County, KS	4277173
Pottawatomie County, KS	4277604
Pratt County, KS	4277733
Reno County, KS	4277972
Republic County, KS	4277976
Rice County, KS	4277995
Riley County, KS	4278061
Rooks County, KS	4278304
Rush County, KS	4278457
Russell County, KS	4278472
Saline County, KS	4278895
Sedgwick County, KS	4279155
Shawnee County, KS	4279253
Smith County, KS	4279478
Stafford County, KS	4279904
Sumner County, KS	4280143
Trego County, KS	4280609
Wabaunsee County, KS	4281087
Washington County, KS	4281258
Wilson County, KS	4281852
Woodson County, KS	4282006
Wyandotte County, KS	4282035
Adair County, KY	4282211
Allen County, KY	4282393
Anderson County, KY	4282511
Ballard County, KY	4283067
Barren County, KY	4283268
Bath County, KY	4283333
Bell County, KY	4283814
Bourbon County, KY	4285233
Boyd County, KY	4285302
Boyle County, KY	4285317
Bracken County, KY	4285325
Breathitt County, KY	4285423
Breckinridge County, KY	4285428
Bullitt County, KY	4286176
Butler County, KY	4286382
Caldwell County, KY	4286500
Calloway County, KY	4286549
Campbell County, KY	4286705
Carlisle County, KY	4286990
Carroll County, KY	4287048
Carter County, KY	4287080
Casey County, KY	4287126
Christian County, KY	4287749
Clark County, KY	4287837
Clay County, KY	4287883
Clinton County, KY	4288063
Crittenden County, KY	4289074
Cumberland County, KY	4289242
Daviess County, KY	4289518
Edmonson County, KY	4290885
Elliott County, KY	4291095
Estill County, KY	4291280
Fayette County, KY	4291564
Fleming County, KY	4291901
Floyd County, KY	4291960
Franklin County, KY	4292202
Fulton County, KY	4292427
Gallatin County, KY	4292492
Garrard County, KY	4292570
Grant County, KY	4293148
Graves County, KY	4293245
Grayson County, KY	4293301
Green County, KY	4293371
Greenup County, KY	4293471
Hancock County, KY	4293950
Hardin County, KY	4294031
Harlan County, KY	4294084
Harrison County, KY	4294160
Hart County, KY	4294190
Henderson County, KY	4294512
Henry County, KY	4294546
Hickman County, KY	4294628
Hopkins County, KY	4295247
Jackson County, KY	4296106
Jefferson County, KY	4296212
Jessamine County, KY	4296292
Johnson County, KY	4296508
Kenton County, KY	4296902
Knott County, KY	4297180
Knox County, KY	4297187
Larue County, KY	4297424
Laurel County, KY	4297480
Lawrence County, KY	4297576
Lee County, KY	4297704
Leslie County, KY	4297902
Letcher County, KY	4297909
Lewis County, KY	4297955
Lincoln County, KY	4298293
Livingston County, KY	4298811
Logan County, KY	4298932
Lyon County, KY	4299595
Madison County, KY	4299665
Magoffin County, KY	4299695
Marion County, KY	4299849
Marshall County, KY	4299896
Martin County, KY	4299939
Mason County, KY	4300012
McCracken County, KY	4300244
McCreary County, KY	4300249
McLean County, KY	4300401
Meade County, KY	4300426
Menifee County, KY	4300562
Mercer County, KY	4300572
Metcalfe County, KY	4300606
Monroe County, KY	4301192
Montgomery County, KY	4301216
Morgan County, KY	4301333
Muhlenberg County, KY	4301955
Nelson County, KY	4302277
Nicholas County, KY	4302564
Ohio County, KY	4302977
Oldham County, KY	4303164
Owen County, KY	4303402
Owsley County, KY	4303455
Pendleton County, KY	4303870
Perry County, KY	4303951
Pike County, KY	4304226
Powell County, KY	4305121
Pulaski County, KY	4305364
Robertson County, KY	4306340
Rockcastle County, KY	4306470
Russell County, KY	4306996
Scott County, KY	4307808
Shelby County, KY	4308112
Simpson County, KY	4308447
Spencer County, KY	4309179
Taylor County, KY	4310601
Todd County, KY	4310988
Trigg County, KY	4311258
Trimble County, KY	4311266
Union County, KY	4311683
Warren County, KY	4312732
Washington County, KY	4312745
Wayne County, KY	4312835
Webster County, KY	4312885
Whitley County, KY	4313367
Wolfe County, KY	4313865
Woodford County, KY	4313946
Acadia Parish, LA	4314344
Allen Parish, LA	4314607
Ascension Parish, LA	4315067
Assumption Parish, LA	4315120
Avoyelles Parish, LA	4315243
Beauregard Parish, LA	4316112
Bienville Parish, LA	4316721
Bossier Parish, LA	4317649
Caddo Parish, LA	4318532
Calcasieu Parish, LA	4318583
Caldwell Parish, LA	4318597
Cameron Parish, LA	4318690
Catahoula Parish, LA	4319276
Claiborne Parish, LA	4320117
Concordia Parish, LA	4320594
De Soto Parish, LA	4321759
East Baton Rouge Parish, LA	4323288
East Carroll Parish, LA	4323316
East Feliciana Parish, LA	4323332
Evangeline Parish, LA	4323933
Franklin Parish, LA	4325158
Grant Parish, LA	4326254
Iberia Parish, LA	4328254
Iberville Parish, LA	4328261
Jackson Parish, LA	4328854
Jefferson Davis Parish, LA	4328965
Jefferson Parish, LA	4328978
La Salle Parish, LA	4330078
Lafayette Parish, LA	4330160
Lafourche Parish, LA	4330185
Lincoln Parish, LA	4330983
Livingston Parish, LA	4331488
Madison Parish, LA	4332258
Morehouse Parish, LA	4333789
Natchitoches Parish, LA	4334734
Orleans Parish, LA	4336191
Ouachita Parish, LA	4336232
Plaquemines Parish, LA	4337452
Pointe Coupee Parish, LA	4337708
Rapides Parish, LA	4338356
Red River Parish, LA	4338489
Richland Parish, LA	4338711
Sabine Parish, LA	4339354
Saint Bernard Parish, LA	4339526
Saint Charles Parish, LA	4339583
Saint Helena Parish, LA	4339724
Saint James Parish, LA	4339793
Saint John the Baptist Parish, LA	4339881
Saint Landry Parish, LA	4340045
Saint Martin Parish, LA	4340186
Saint Mary Parish, LA	4340232
Saint Tammany Parish, LA	4340579
Tangipahoa Parish, LA	4343122
Tensas Parish, LA	4343280
Terrebonne Parish, LA	4343313
Union Parish, LA	4344274
Vermilion Parish, LA	4344530
Vernon Parish, LA	4344544
Washington Parish, LA	4345509
Webster Parish, LA	4345618
West Baton Rouge Parish, LA	4345713
West Carroll Parish, LA	4345740
West Feliciana Parish, LA	4345778
Winn Parish, LA	4346451
Allegany County, MD	4347094
Anne Arundel County, MD	4347283
Baltimore County, MD	4347790
City of Baltimore, MD	4347820
Calvert County, MD	4350123
Caroline County, MD	4350425
Carroll County, MD	4350461
Cecil County, MD	4350685
Charles County, MD	4351021
Dorchester County, MD	4353543
Frederick County, MD	4355594
Garrett County, MD	4355939
Harford County, MD	4357407
Howard County, MD	4358598
Kent County, MD	4359780
Montgomery County, MD	4362716
Prince George's County, MD	4366164
Queen Anne's County, MD	4366351
Saint Mary's County, MD	4368320
Somerset County, MD	4369894
Talbot County, MD	4370904
Washington County, MD	4372777
Wicomico County, MD	4373554
Worcester County, MD	4374180
Andrew County, MO	4374849
Audrain County, MO	4375346
Barry County, MO	4375882
Barton County, MO	4375904
Bates County, MO	4375954
Benton County, MO	4376578
Bollinger County, MO	4377844
Boone County, MO	4377925
Buchanan County, MO	4378897
Butler County, MO	4379332
Caldwell County, MO	4379520
Callaway County, MO	4379567
Camden County, MO	4379625
Cape Girardeau County, MO	4379968
Carroll County, MO	4380138
Carter County, MO	4380170
Cass County, MO	4380266
Cedar County, MO	4380498
Chariton County, MO	4380961
Christian County, MO	4381179
Clay County, MO	4381444
Clinton County, MO	4381646
Cole County, MO	4381866
Cooper County, MO	4382297
Crawford County, MO	4382777
Dade County, MO	4383206
Dallas County, MO	4383238
Daviess County, MO	4383368
DeKalb County, MO	4383515
Dent County, MO	4383752
Douglas County, MO	4384356
Dunklin County, MO	4384778
Franklin County, MO	4387172
Gasconade County, MO	4387701
Greene County, MO	4388781
Henry County, MO	4390169
Hickory County, MO	4390327
Howard County, MO	4391383
Howell County, MO	4391410
Iron County, MO	4392025
Jackson County, MO	4392183
Jasper County, MO	4392354
Jefferson County, MO	4392394
Johnson County, MO	4392606
Laclede County, MO	4394029
Lafayette County, MO	4394055
Lawrence County, MO	4394702
Lincoln County, MO	4395330
Linn County, MO	4395428
Livingston County, MO	4395900
Macon County, MO	4396768
Madison County, MO	4396798
Maries County, MO	4397100
Marion County, MO	4397108
McDonald County, MO	4397698
Miller County, MO	4398373
Mississippi County, MO	4398638
Moniteau County, MO	4398787
Monroe County, MO	4398864
Montgomery County, MO	4398895
Morgan County, MO	4399052
New Madrid County, MO	4400430
Newton County, MO	4400561
Oregon County, MO	4402012
Osage County, MO	4402051
Ozark County, MO	4402255
Pemiscot County, MO	4402864
Perry County, MO	4402984
Pettis County, MO	4403095
Phelps County, MO	4403116
Pike County, MO	4403228
Platte County, MO	4403600
Polk County, MO	4404128
Pulaski County, MO	4404807
Ralls County, MO	4405038
Randolph County, MO	4405082
Ray County, MO	4405143
Reynolds County, MO	4405470
Ripley County, MO	4405720
Saint Charles County, MO	4406835
Saint Clair County, MO	4406842
Saint Francois County, MO	4406884
Saint Louis County, MO	4407074
City of Saint Louis, MO	4407084
Sainte Genevieve County, MO	4407295
Saline County, MO	4407376
Scott County, MO	4407901
Shannon County, MO	4408228
Shelby County, MO	4408345
Stoddard County, MO	4410296
Stone County, MO	4410325
Taney County, MO	4411205
Texas County, MO	4411468
Vernon County, MO	4413006
Warren County, MO	4413583
Washington County, MO	4413630
Wayne County, MO	4413797
Webster County, MO	4413870
Wright County, MO	4415503
Adams County, MS	4415912
Alcorn County, MS	4416012
Amite County, MS	4416182
Attala County, MS	4416669
Benton County, MS	4417738
Bolivar County, MS	4419012
Calhoun County, MS	4420309
Carroll County, MS	4420741
Chickasaw County, MS	4421449
Choctaw County, MS	4421547
Claiborne County, MS	4421859
Clarke County, MS	4421913
Clay County, MS	4421964
Coahoma County, MS	4422178
Copiah County, MS	4422700
Covington County, MS	4422907
De Soto County, MS	4423655
Forrest County, MS	4426954
Franklin County, MS	4427119
George County, MS	4427592
Greene County, MS	4428420
Grenada County, MS	4428541
Hancock County, MS	4428961
Harrison County, MS	4429197
Hinds County, MS	4429877
Holmes County, MS	4430142
Humphreys County, MS	4430705
Issaquena County, MS	4431269
Itawamba County, MS	4431274
Jackson County, MS	4431425
Jasper County, MS	4431565
Jefferson County, MS	4431608
Jefferson Davis County, MS	4431611
Jones County, MS	4431982
Kemper County, MS	4432218
Lafayette County, MS	4432670
Lamar County, MS	4432922
Lauderdale County, MS	4433028
Lawrence County, MS	4433059
Leake County, MS	4433110
Lee County, MS	4433190
Leflore County, MS	4433243
Lincoln County, MS	4433521
Lowndes County, MS	4434357
Madison County, MS	4434666
Marion County, MS	4434905
Marshall County, MS	4434977
Montgomery County, MS	4436434
Monroe County, MS	4436465
Neshoba County, MS	4438104
Newton County, MS	4438827
Noxubee County, MS	4439115
Oktibbeha County, MS	4439581
Panola County, MS	4440232
Pearl River County, MS	4440578
Perry County, MS	4440794
Pike County, MS	4441053
Pontotoc County, MS	4442070
Prentiss County, MS	4442374
Quitman County, MS	4442697
Rankin County, MS	4442841
Scott County, MS	4445321
Sharkey County, MS	4445678
Simpson County, MS	4446158
Smith County, MS	4446378
Stone County, MS	4447325
Sunflower County, MS	4447584
Tallahatchie County, MS	4447911
Tate County, MS	4447998
Tippah County, MS	4448467
Tishomingo County, MS	4448508
Tunica County, MS	4448921
Union County, MS	4449240
Walthall County, MS	4450205
Warren County, MS	4450285
Washington County, MS	4450315
Wayne County, MS	4450432
Webster County, MS	4450493
Wilkinson County, MS	4451213
Winston County, MS	4451480
Yalobusha County, MS	4451779
Yazoo County, MS	4451815
Alamance County, NC	4452290
Alexander County, NC	4452352
Alleghany County, NC	4452391
Anson County, NC	4452708
Ashe County, NC	4453028
Avery County, NC	4453232
Beaufort County, NC	4454373
Bertie County, NC	4455071
Bladen County, NC	4456243
Brunswick County, NC	4457580
Buncombe County, NC	4458155
Burke County, NC	4458194
Cabarrus County, NC	4458491
Caldwell County, NC	4458601
Camden County, NC	4458740
Carteret County, NC	4459410
Caswell County, NC	4459547
Catawba County, NC	4459575
Chatham County, NC	4460324
Cherokee County, NC	4460366
Chowan County, NC	4460702
Clay County, NC	4460927
Cleveland County, NC	4461030
Columbus County, NC	4461503
Craven County, NC	4462398
Cumberland County, NC	4462716
Currituck County, NC	4462764
Dare County, NC	4462997
Davidson County, NC	4463056
Davie County, NC	4463078
Duplin County, NC	4464351
Durham County, NC	4464374
Edgecombe County, NC	4464909
Forsyth County, NC	4466900
Franklin County, NC	4467141
Gaston County, NC	4467717
Gates County, NC	4467741
Graham County, NC	4468538
Granville County, NC	4468623
Greene County, NC	4469093
Guilford County, NC	4469393
Halifax County, NC	4469619
Harnett County, NC	4470002
Haywood County, NC	4470398
Henderson County, NC	4470576
Hertford County, NC	4470729
Hoke County, NC	4471487
Hyde County, NC	4472505
Iredell County, NC	4472769
Jackson County, NC	4473029
Johnston County, NC	4473631
Jones County, NC	4473713
Lee County, NC	4475520
Lenoir County, NC	4475647
Lincoln County, NC	4475969
Macon County, NC	4477724
Madison County, NC	4477734
Martin County, NC	4478142
McDowell County, NC	4478581
Mecklenburg County, NC	4478884
Mitchell County, NC	4479817
Montgomery County, NC	4479988
Moore County, NC	4480053
Nash County, NC	4481511
New Hanover County, NC	4481757
Northampton County, NC	4482584
Onslow County, NC	4483494
Orange County, NC	4483525
Pamlico County, NC	4483897
Pasquotank County, NC	4484186
Pender County, NC	4484498
Perquimans County, NC	4484605
Person County, NC	4484671
Pitt County, NC	4485631
Polk County, NC	4486072
Randolph County, NC	4487127
Richmond County, NC	4487947
Robeson County, NC	4488351
Rockingham County, NC	4488575
Rowan County, NC	4489163
Rutherford County, NC	4489357
Sampson County, NC	4490053
Scotland County, NC	4490602
Stanly County, NC	4493238
Stokes County, NC	4493539
Surry County, NC	4494132
Swain County, NC	4494189
Transylvania County, NC	4495544
Tyrrell County, NC	4496070
Union County, NC	4496196
Vance County, NC	4496539
Wake County, NC	4497286
Warren County, NC	4497598
Washington County, NC	4497673
Watauga County, NC	4497707
Wayne County, NC	4497859
Wilkes County, NC	4499127
Wilson County, NC	4499428
Yadkin County, NC	4500134
Yancey County, NC	4500160
Atlantic County, NJ	4500561
Burlington County, NJ	4500994
Camden County, NJ	4501019
Cape May County, NJ	4501053
Cumberland County, NJ	4501427
Gloucester County, NJ	4501944
Ocean County, NJ	4503355
Salem County, NJ	4503949
Adams County, OH	4505006
Athens County, OH	4505546
Brown County, OH	4507215
Butler County, OH	4507568
Clark County, OH	4508810
Clermont County, OH	4508924
Clinton County, OH	4508988
Fairfield County, OH	4511295
Fayette County, OH	4511521
Franklin County, OH	4512214
Gallia County, OH	4512438
Greene County, OH	4513280
Hamilton County, OH	4513583
Highland County, OH	4514204
Hocking County, OH	4514358
Jackson County, OH	4515328
Lawrence County, OH	4516351
Madison County, OH	4517365
Meigs County, OH	4518038
Monroe County, OH	4518563
Montgomery County, OH	4518598
Morgan County, OH	4518677
Muskingum County, OH	4519300
Noble County, OH	4519808
Perry County, OH	4521093
Pickaway County, OH	4521196
Pike County, OH	4521245
Preble County, OH	4521907
Ross County, OH	4522889
Scioto County, OH	4524221
Vinton County, OH	4527250
Warren County, OH	4527624
Washington County, OH	4527654
Adair County, OK	4529106
Alfalfa County, OK	4529227
Atoka County, OK	4529605
Beckham County, OK	4530237
Blaine County, OK	4530876
Bryan County, OK	4531565
Caddo County, OK	4531901
Canadian County, OK	4532136
Carter County, OK	4532398
Cherokee County, OK	4532932
Choctaw County, OK	4533135
Cleveland County, OK	4533690
Coal County, OK	4533759
Comanche County, OK	4533932
Cotton County, OK	4534159
Craig County, OK	4534416
Creek County, OK	4534444
Custer County, OK	4534674
Delaware County, OK	4534948
Dewey County, OK	4535054
Ellis County, OK	4535845
Garfield County, OK	4537472
Garvin County, OK	4537513
Grady County, OK	4537854
Grant County, OK	4537914
Greer County, OK	4538074
Harmon County, OK	4538322
Harper County, OK	4538342
Haskell County, OK	4538431
Hughes County, OK	4539140
Jackson County, OK	4539499
Jefferson County, OK	4539571
Johnston County, OK	4539716
Kay County, OK	4540074
Kingfisher County, OK	4540316
Kiowa County, OK	4540342
Latimer County, OK	4540696
Le Flore County, OK	4540759
Lincoln County, OK	4541067
Logan County, OK	4541599
Love County, OK	4541812
Major County, OK	4542080
Marshall County, OK	4542194
Mayes County, OK	4542291
McClain County, OK	4542393
McCurtain County, OK	4542417
McIntosh County, OK	4542456
Murray County, OK	4543314
Muskogee County, OK	4543342
Noble County, OK	4543736
Nowata County, OK	4544026
Okfuskee County, OK	4544284
Oklahoma County, OK	4544356
Okmulgee County, OK	4544386
Osage County, OK	4547304
Ottawa County, OK	4547357
Pawnee County, OK	4547688
Payne County, OK	4547701
Pittsburg County, OK	4548102
Pontotoc County, OK	4548292
Pottawatomie County, OK	4548371
Pushmataha County, OK	4548586
Roger Mills County, OK	4549635
Rogers County, OK	4549638
Seminole County, OK	4551046
Sequoyah County, OK	4551067
Stephens County, OK	4552182
Tillman County, OK	4553073
Tulsa County, OK	4553440
Wagoner County, OK	4554551
Washington County, OK	4554708
Washita County, OK	4554753
Woods County, OK	4556038
Woodward County, OK	4556051
Adams County, PA	4556228
Abbeville County, SC	4568959
Aiken County, SC	4569073
Allendale County, SC	4569210
Anderson County, SC	4569313
Bamberg County, SC	4569930
Barnwell County, SC	4570020
Beaufort County, SC	4570292
Berkeley County, SC	4570707
Calhoun County, SC	4573075
Charleston County, SC	4574328
Cherokee County, SC	4574428
Chester County, SC	4574531
Chesterfield County, SC	4574554
Clarendon County, SC	4574857
Colleton County, SC	4575230
Darlington County, SC	4576323
Dillon County, SC	4576657
Dorchester County, SC	4576822
Edgefield County, SC	4577533
Fairfield County, SC	4578064
Florence County, SC	4578745
Georgetown County, SC	4579666
Greenville County, SC	4580549
Greenwood County, SC	4580575
Hampton County, SC	4580988
Horry County, SC	4582287
Jasper County, SC	4583318
Kershaw County, SC	4583989
Lancaster County, SC	4584561
Laurens County, SC	4584742
Lee County, SC	4584845
Lexington County, SC	4585002
Marion County, SC	4586272
Marlboro County, SC	4586301
McCormick County, SC	4586645
Newberry County, SC	4589213
Oconee County, SC	4589892
Orangeburg County, SC	4590186
Pickens County, SC	4590954
Richland County, SC	4592843
Saluda County, SC	4594698
Spartanburg County, SC	4597204
Sumter County, SC	4597954
Union County, SC	4599283
Williamsburg County, SC	4601150
York County, SC	4601709
Anderson County, TN	4602643
Benton County, TN	4605583
Bledsoe County, TN	4607097
Blount County, TN	4607192
Bradley County, TN	4608185
Cannon County, TN	4611179
Carroll County, TN	4611490
Carter County, TN	4611599
Cheatham County, TN	4612891
Chester County, TN	4613057
Claiborne County, TN	4613750
Clay County, TN	4613912
Cocke County, TN	4614441
Coffee County, TN	4614466
Crockett County, TN	4616263
Cumberland County, TN	4616678
Davidson County, TN	4617305
DeKalb County, TN	4617573
Decatur County, TN	4617654
Dickson County, TN	4618068
Dyer County, TN	4619773
Fayette County, TN	4621908
Fentress County, TN	4621984
Franklin County, TN	4623574
Gibson County, TN	4624666
Giles County, TN	4624737
Grainger County, TN	4625620
Greene County, TN	4626324
Grundy County, TN	4626743
Hamblen County, TN	4627251
Hamilton County, TN	4627306
Hancock County, TN	4627427
Hardeman County, TN	4627590
Hardin County, TN	4627625
Hawkins County, TN	4628325
Haywood County, TN	4628456
Henderson County, TN	4628715
Henry County, TN	4628829
Hickman County, TN	4629047
Houston County, TN	4630950
Humphreys County, TN	4631309
Jackson County, TN	4632660
Jefferson County, TN	4632934
Johnson County, TN	4633430
Knox County, TN	4634931
Lake County, TN	4635138
Lauderdale County, TN	4635615
Lawrence County, TN	4635830
Lewis County, TN	4636403
Lincoln County, TN	4636884
Loudon County, TN	4638283
Macon County, TN	4638991
Madison County, TN	4639045
Marion County, TN	4639514
Marshall County, TN	4639630
Maury County, TN	4640041
McMinn County, TN	4640873
McNairy County, TN	4640921
Meigs County, TN	4641148
Monroe County, TN	4642365
Montgomery County, TN	4642445
Moore County, TN	4642600
Morgan County, TN	4642752
Obion County, TN	4646779
Overton County, TN	4647552
Perry County, TN	4648830
Pickett County, TN	4649175
Polk County, TN	4650495
Putnam County, TN	4651744
Rhea County, TN	4652809
Roane County, TN	4653455
Robertson County, TN	4653638
Rutherford County, TN	4654962
Scott County, TN	4656214
Sequatchie County, TN	4656461
Sevier County, TN	4656568
Shelby County, TN	4657046
Smith County, TN	4658423
Stewart County, TN	4660056
Sullivan County, TN	4660813
Sumner County, TN	4661017
Tipton County, TN	4662784
Trousdale County, TN	4663355
Unicoi County, TN	4663934
Union County, TN	4664043
Van Buren County, TN	4664489
Warren County, TN	4665884
Washington County, TN	4665975
Wayne County, TN	4666233
Weakley County, TN	4666265
White County, TN	4667226
Williamson County, TN	4668054
Wilson County, TN	4668271
Anderson County, TX	4670756
Angelina County, TX	4670841
Aransas County, TX	4671133
Archer County, TX	4671180
Atascosa County, TX	4671531
Austin County, TX	4671673
Bandera County, TX	4672172
Bastrop County, TX	4672581
Baylor County, TX	4672691
Bee County, TX	4673147
Bell County, TX	4673310
Bexar County, TX	4674023
Blanco County, TX	4674915
Bosque County, TX	4675728
Bowie County, TX	4675805
Brazoria County, TX	4676137
Brazos County, TX	4676153
Brooks County, TX	4676547
Brown County, TX	4676632
Burleson County, TX	4677558
Burnet County, TX	4677612
Caldwell County, TX	4678113
Calhoun County, TX	4678165
Callahan County, TX	4678206
Cameron County, TX	4678364
Camp County, TX	4678446
Cass County, TX	4679435
Chambers County, TX	4680335
Cherokee County, TX	4680611
Clay County, TX	4681782
Coleman County, TX	4682392
Collin County, TX	4682500
Colorado County, TX	4682626
Comal County, TX	4682688
Comanche County, TX	4682707
Concho County, TX	4682862
Cooke County, TX	4683066
Coryell County, TX	4683477
Dallas County, TX	4684904
DeWitt County, TX	4685527
Delta County, TX	4685841
Denton County, TX	4685912
Dimmit County, TX	4686231
Duval County, TX	4687437
Eastland County, TX	4688072
Ellis County, TX	4688864
Erath County, TX	4689391
Falls County, TX	4690103
Fannin County, TX	4690140
Fayette County, TX	4690287
Foard County, TX	4691668
Fort Bend County, TX	4691851
Franklin County, TX	4692203
Freestone County, TX	4692377
Frio County, TX	4692545
Galveston County, TX	4692856
Gillespie County, TX	4693544
Goliad County, TX	4693922
Gonzales County, TX	4693951
Grayson County, TX	4694710
Gregg County, TX	4695143
Grimes County, TX	4695236
Guadalupe County, TX	4695361
Hamilton County, TX	4695945
Hardeman County, TX	4696131
Hardin County, TX	4696143
Harris County, TX	4696376
Harrison County, TX	4696450
Haskell County, TX	4696596
Hays County, TX	4696788
Henderson County, TX	4697070
Hidalgo County, TX	4697444
Hill County, TX	4697746
Hood County, TX	4698632
Hopkins County, TX	4698747
Houston County, TX	4699084
Hunt County, TX	4699487
Jack County, TX	4700414
Jackson County, TX	4700488
Jasper County, TX	4700729
Jefferson County, TX	4700821
Jim Hogg County, TX	4701059
Jim Wells County, TX	4701084
Johnson County, TX	4701348
Jones County, TX	4701505
Karnes County, TX	4702669
Kaufman County, TX	4702735
Kendall County, TX	4702947
Kenedy County, TX	4702968
Kerr County, TX	4703071
Kimble County, TX	4703256
Kleberg County, TX	4703486
Knox County, TX	4703582
La Salle County, TX	4704157
Lamar County, TX	4705086
Lampasas County, TX	4705179
Lavaca County, TX	4705575
Lee County, TX	4705758
Leon County, TX	4705899
Liberty County, TX	4706143
Limestone County, TX	4706335
Live Oak County, TX	4707076
Llano County, TX	4707196
Madison County, TX	4708691
Marion County, TX	4709165
Mason County, TX	4709509
Matagorda County, TX	4709580
McCulloch County, TX	4709977
McLennan County, TX	4710229
McMullen County, TX	4710259
Medina County, TX	4710490
Menard County, TX	4710698
Milam County, TX	4711286
Mills County, TX	4711560
Montague County, TX	4711974
Montgomery County, TX	4712041
Morris County, TX	4712390
Nacogdoches County, TX	4713738
Navarro County, TX	4713849
Newton County, TX	4714720
Nueces County, TX	4715635
Orange County, TX	4716826
Palo Pinto County, TX	4717377
Panola County, TX	4717434
Parker County, TX	4717644
Polk County, TX	4719903
Rains County, TX	4721307
Real County, TX	4721747
Red River County, TX	4721949
Refugio County, TX	4722147
Robertson County, TX	4723147
Rockwall County, TX	4723410
Runnels County, TX	4724312
Rusk County, TX	4724363
Sabine County, TX	4724540
San Augustine County, TX	4726259
San Jacinto County, TX	4726377
San Patricio County, TX	4726521
San Saba County, TX	4726585
Shackelford County, TX	4727962
Shelby County, TX	4728231
Smith County, TX	4729130
Somervell County, TX	4732807
Starr County, TX	4734150
Stephens County, TX	4734326
Tarrant County, TX	4735638
Taylor County, TX	4735729
Throckmorton County, TX	4736742
Titus County, TX	4736982
Travis County, TX	4737316
Trinity County, TX	4737562
Tyler County, TX	4738216
Upshur County, TX	4738689
Uvalde County, TX	4738723
Van Zandt County, TX	4738915
Victoria County, TX	4739167
Walker County, TX	4739690
Waller County, TX	4739804
Washington County, TX	4740157
Webb County, TX	4740399
Wharton County, TX	4741328
Wichita County, TX	4741751
Wilbarger County, TX	4741797
Willacy County, TX	4741939
Williamson County, TX	4742143
Wilson County, TX	4742425
Wise County, TX	4742676
Wood County, TX	4742850
Young County, TX	4743474
Zapata County, TX	4743577
Zavala County, TX	4743595
Accomack County, VA	4743865
Albemarle County, VA	4744031
City of Alexandria, VA	4744106
Alleghany County, VA	4744139
Amelia County, VA	4744308
Amherst County, VA	4744328
Appomattox County, VA	4744616
Arlington County, VA	4744725
Augusta County, VA	4745015
Bath County, VA	4745776
Bedford County, VA	4746270
City of Bedford, VA	4746289
Bland County, VA	4747931
Botetourt County, VA	4748452
City of Bristol, VA	4749005
Brunswick County, VA	4749396
Buchanan County, VA	4749535
Buckingham County, VA	4749657
City of Buena Vista, VA	4749725
Campbell County, VA	4750738
Caroline County, VA	4751013
Carroll County, VA	4751058
Charles City County, VA	4752002
Charlotte County, VA	4752025
City of Charlottesville, VA	4752046
City of Chesapeake, VA	4752215
Chesterfield County, VA	4752255
Clarke County, VA	4752978
City of Colonial Heights, VA	4753684
City of Covington, VA	4754373
Craig County, VA	4754544
Culpeper County, VA	4754972
Cumberland County, VA	4754992
City of Danville, VA	4755298
Dickenson County, VA	4755865
Dinwiddie County, VA	4755976
City of Emporia, VA	4757688
Essex County, VA	4757844
Fairfax County, VA	4758041
City of Fairfax, VA	4758109
City of Falls Church, VA	4758398
Fauquier County, VA	4758541
Floyd County, VA	4759449
Fluvanna County, VA	4759468
Franklin County, VA	4759996
City of Franklin, VA	4760031
Frederick County, VA	4760052
City of Fredericksburg, VA	4760084
City of Galax, VA	4760382
Giles County, VA	4760832
Gloucester County, VA	4761164
Goochland County, VA	4761280
Grayson County, VA	4761913
Greene County, VA	4762187
Greensville County, VA	4762246
Halifax County, VA	4762757
City of Hampton, VA	4762929
Hanover County, VA	4762988
City of Harrisonburg, VA	4763237
Henrico County, VA	4763688
Henry County, VA	4763710
Highland County, VA	4764100
City of Hopewell, VA	4764849
Isle of Wight County, VA	4766205
James City County, VA	4766447
King George County, VA	4767772
King William County, VA	4767790
King and Queen County, VA	4767793
Lancaster County, VA	4768515
Lee County, VA	4769028
City of Lexington, VA	4769352
Loudoun County, VA	4770746
Louisa County, VA	4770767
Lunenburg County, VA	4771000
City of Lynchburg, VA	4771099
Madison County, VA	4771240
City of Manassas Park, VA	4771421
City of Manassas, VA	4771426
City of Martinsville, VA	4771819
Mathews County, VA	4771977
Mecklenburg County, VA	4772586
Middlesex County, VA	4772915
Montgomery County, VA	4773711
Nelson County, VA	4775610
New Kent County, VA	4775834
City of Newport News, VA	4776037
City of Norfolk, VA	4776242
Northampton County, VA	4776500
Northumberland County, VA	4776564
City of Norton, VA	4776591
Nottoway County, VA	4776629
Orange County, VA	4777457
Page County, VA	4777756
Patrick County, VA	4778096
City of Petersburg, VA	4778642
Pittsylvania County, VA	4779336
City of Poquoson, VA	4779934
City of Portsmouth, VA	4780019
Powhatan County, VA	4780225
Prince Edward County, VA	4780362
Prince George County, VA	4780374
Prince William County, VA	4780384
Pulaski County, VA	4780581
City of Radford, VA	4780851
Rappahannock County, VA	4781039
Richmond County, VA	4781725
City of Richmond, VA	4781756
Roanoke County, VA	4782181
City of Roanoke, VA	4782241
Rockbridge County, VA	4782531
Rockingham County, VA	4782579
Russell County, VA	4783267
City of Salem, VA	4784205
Scott County, VA	4784660
Shenandoah County, VA	4785252
Smyth County, VA	4786352
Southampton County, VA	4786735
Spotsylvania County, VA	4786949
Stafford County, VA	4787248
City of Staunton, VA	4787467
City of Suffolk, VA	4788160
Surry County, VA	4788433
Sussex County, VA	4788448
Tazewell County, VA	4788970
City of Virginia Beach, VA	4791271
Warren County, VA	4792238
Washington County, VA	4792315
City of Waynesboro, VA	4792534
Westmoreland County, VA	4793032
City of Williamsburg, VA	4793872
City of Winchester, VA	4794134
Wise County, VA	4794277
Wythe County, VA	4794827
York County, VA	4794943
Barbour County, WV	4797875
Berkeley County, WV	4798686
Boone County, WV	4799815
Braxton County, WV	4800020
Cabell County, WV	4800996
Calhoun County, WV	4801086
Clay County, WV	4802346
Doddridge County, WV	4804155
Fayette County, WV	4805678
Gilmer County, WV	4806966
Grant County, WV	4807365
Greenbrier County, WV	4807600
Hampshire County, WV	4807996
Hardy County, WV	4808124
Harrison County, WV	4808274
Jackson County, WV	4810022
Jefferson County, WV	4810162
Kanawha County, WV	4810630
Lewis County, WV	4811999
Lincoln County, WV	4812303
Logan County, WV	4812863
Marion County, WV	4813754
Marshall County, WV	4813820
Mason County, WV	4813934
McDowell County, WV	4814188
Mercer County, WV	4814465
Mineral County, WV	4815060
Mingo County, WV	4815072
Monongalia County, WV	4815207
Monroe County, WV	4815213
Morgan County, WV	4815321
Nicholas County, WV	4816620
Pendleton County, WV	4817892
Pleasants County, WV	4818649
Pocahontas County, WV	4818700
Preston County, WV	4819019
Putnam County, WV	4819197
Raleigh County, WV	4819310
Randolph County, WV	4819366
Ritchie County, WV	4820055
Roane County, WV	4820200
Summers County, WV	4823985
Taylor County, WV	4824403
Tucker County, WV	4825147
Tyler County, WV	4825407
Upshur County, WV	4825733
Wayne County, WV	4826596
Webster County, WV	4826636
Wetzel County, WV	4826911
Wirt County, WV	4827540
Wood County, WV	4827706
Wyoming County, WV	4827881
Bedford County, TN	4829092
Autauga County, AL	4830868
Baldwin County, AL	4831207
Barbour County, AL	4831351
Iowa County, IA	4831820
Fairfield County, CT	4834162
Hartford County, CT	4835806
Litchfield County, CT	4837802
Middlesex County, CT	4838627
New Haven County, CT	4839373
New London County, CT	4839420
Tolland County, CT	4844275
Windham County, CT	4845904
Adair County, IA	4846344
Adams County, IA	4846362
Allamakee County, IA	4846643
Appanoose County, IA	4847063
Audubon County, IA	4847428
Benton County, IA	4848237
Black Hawk County, IA	4848699
Boone County, IA	4849058
Bremer County, IA	4849288
Buchanan County, IA	4849598
Buena Vista County, IA	4849689
Butler County, IA	4849935
Calhoun County, IA	4850031
Carroll County, IA	4850488
Cass County, IA	4850583
Cedar County, IA	4850676
Cerro Gordo County, IA	4851093
Cherokee County, IA	4851249
Chickasaw County, IA	4851303
Clarke County, IA	4851832
Clay County, IA	4851866
Clayton County, IA	4851902
Clinton County, IA	4852032
Crawford County, IA	4853012
Dallas County, IA	4853335
Davis County, IA	4853465
Decatur County, IA	4853590
Delaware County, IA	4853709
Des Moines County, IA	4853838
Dickinson County, IA	4853961
Dubuque County, IA	4854534
Emmet County, IA	4855587
Fayette County, IA	4856473
Floyd County, IA	4857314
Franklin County, IA	4857648
Fremont County, IA	4857806
Greene County, IA	4859214
Grundy County, IA	4859441
Guthrie County, IA	4859502
Hamilton County, IA	4859624
Hancock County, IA	4859678
Hardin County, IA	4859771
Harrison County, IA	4859901
Henry County, IA	4860353
Howard County, IA	4861232
Humboldt County, IA	4861343
Ida County, IA	4861459
Jackson County, IA	4862320
Jasper County, IA	4862456
Jefferson County, IA	4862494
Johnson County, IA	4862732
Jones County, IA	4862800
Keokuk County, IA	4863357
Kossuth County, IA	4863753
Lee County, IA	4864395
Linn County, IA	4864924
Louisa County, IA	4865506
Lucas County, IA	4865617
Lyon County, IA	4865744
Madison County, IA	4865839
Mahaska County, IA	4865894
Marion County, IA	4866274
Marshall County, IA	4866360
Mills County, IA	4867477
Mitchell County, IA	4867612
Monona County, IA	4867704
Monroe County, IA	4867729
Montgomery County, IA	4867788
Muscatine County, IA	4868410
O'Brien County, IA	4869475
Osceola County, IA	4870217
Page County, IA	4870567
Palo Alto County, IA	4870630
Plymouth County, IA	4871708
Pocahontas County, IA	4871736
Polk County, IA	4871782
Pottawattamie County, IA	4871894
Poweshiek County, IA	4871919
Ringgold County, IA	4873016
Sac County, IA	4873899
Scott County, IA	4875785
Shelby County, IA	4876117
Sioux County, IA	4876545
Story County, IA	4877685
Tama County, IA	4878233
Taylor County, IA	4878273
Union County, IA	4879340
Van Buren County, IA	4879999
Wapello County, IA	4880625
Warren County, IA	4880695
Washington County, IA	4880748
Wayne County, IA	4881059
Webster County, IA	4881109
Winnebago County, IA	4882231
Winneshiek County, IA	4882242
Woodbury County, IA	4882396
Wright County, IA	4882529
Worth County, IA	4882561
Boone County, IL	4885392
Bureau County, IL	4885994
Carroll County, IL	4886694
Champaign County, IL	4887163
Cook County, IL	4888671
De Witt County, IL	4889548
DeKalb County, IL	4889554
DuPage County, IL	4890213
Ford County, IL	4892729
Fulton County, IL	4893313
Grundy County, IL	4894828
Hancock County, IL	4895035
Henderson County, IL	4895552
Henry County, IL	4895598
Iroquois County, IL	4897521
Jo Daviess County, IL	4897897
Kane County, IL	4898166
Kankakee County, IL	4898188
Kendall County, IL	4898342
Knox County, IL	4898722
LaSalle County, IL	4898878
Lake County, IL	4898998
Lee County, IL	4899519
Livingston County, IL	4900233
Logan County, IL	4900338
Marshall County, IL	4901299
Mason County, IL	4901395
McDonough County, IL	4901622
McHenry County, IL	4901666
McLean County, IL	4901730
Menard County, IL	4901936
Mercer County, IL	4901976
Ogle County, IL	4904601
Peoria County, IL	4905697
Piatt County, IL	4905877
Putnam County, IL	4906962
Rock Island County, IL	4907910
Schuyler County, IL	4910877
Stark County, IL	4912398
Stephenson County, IL	4912492
Tazewell County, IL	4913271
Vermilion County, IL	4914710
Warren County, IL	4915502
Whiteside County, IL	4916434
Will County, IL	4916565
Winnebago County, IL	4916845
Woodford County, IL	4917010
Adams County, IN	4917487
Allen County, IN	4917555
Benton County, IN	4917993
Blackford County, IN	4918181
Boone County, IN	4918273
Carroll County, IN	4918765
Cass County, IN	4918771
Clinton County, IN	4919127
DeKalb County, IN	4919554
Delaware County, IN	4919615
Elkhart County, IN	4919988
Fountain County, IN	4920444
Fulton County, IN	4920550
Grant County, IN	4920875
Hamilton County, IN	4921085
Howard County, IN	4921670
Huntington County, IN	4921729
Jasper County, IN	4922007
Jay County, IN	4922013
Kosciusko County, IN	4922408
LaGrange County, IN	4922458
LaPorte County, IN	4922460
Lake County, IN	4922493
Madison County, IN	4923124
Marshall County, IN	4923252
Miami County, IN	4923517
Montgomery County, IN	4923741
Newton County, IN	4924165
Noble County, IN	4924192
Porter County, IN	4925020
Pulaski County, IN	4925155
Randolph County, IN	4925224
Saint Joseph County, IN	4925848
Starke County, IN	4926760
Steuben County, IN	4926796
Tippecanoe County, IN	4927230
Tipton County, IN	4927243
Wabash County, IN	4927751
Warren County, IN	4927846
Wells County, IN	4928008
White County, IN	4928184
Whitley County, IN	4928215
Barnstable County, MA	4929772
Berkshire County, MA	4930396
Bristol County, MA	4931378
Dukes County, MA	4935156
Essex County, MA	4935951
Franklin County, MA	4937280
Hampden County, MA	4938741
Hampshire County, MA	4938757
Middlesex County, MA	4943909
Nantucket County, MA	4944911
Norfolk County, MA	4945455
Plymouth County, MA	4947607
Suffolk County, MA	4952349
Worcester County, MA	4956199
Androscoggin County, ME	4956755
Aroostook County, ME	4956873
Cumberland County, ME	4961900
Franklin County, ME	4964821
Hancock County, ME	4966407
Kennebec County, ME	4968714
Knox County, ME	4968996
Lincoln County, ME	4969555
Oxford County, ME	4974522
Penobscot County, ME	4974977
Piscataquis County, ME	4975418
Sagadahoc County, ME	4977278
Somerset County, ME	4978972
Waldo County, ME	4982040
Washington County, ME	4982182
York County, ME	4983621
Alcona County, MI	4983917
Alger County, MI	4983956
Allegan County, MI	4983990
Alpena County, MI	4984076
Antrim County, MI	4984284
Arenac County, MI	4984356
Baraga County, MI	4984903
Barry County, MI	4985016
Bay County, MI	4985190
Benzie County, MI	4985733
Berrien County, MI	4985760
Branch County, MI	4986828
Calhoun County, MI	4987673
Cass County, MI	4988216
Charlevoix County, MI	4988577
Cheboygan County, MI	4988619
Chippewa County, MI	4988755
Clare County, MI	4988934
Clinton County, MI	4989135
Crawford County, MI	4989916
Delta County, MI	4990662
Dickinson County, MI	4990845
Eaton County, MI	4991746
Emmet County, MI	4992137
Genesee County, MI	4993785
Gladwin County, MI	4993986
Gogebic County, MI	4994090
Grand Traverse County, MI	4994374
Gratiot County, MI	4994537
Hillsdale County, MI	4996110
Houghton County, MI	4996573
Huron County, MI	4996859
Ingham County, MI	4997130
Ionia County, MI	4997193
Iosco County, MI	4997201
Iron County, MI	4997220
Isabella County, MI	4997272
Jackson County, MI	4997389
Kalamazoo County, MI	4997791
Kalkaska County, MI	4997807
Kent County, MI	4998005
Keweenaw County, MI	4998067
Lake County, MI	4998535
Lapeer County, MI	4998845
Leelanau County, MI	4999022
Lenawee County, MI	4999081
Livingston County, MI	4999829
Luce County, MI	5000297
Mackinac County, MI	5000447
Macomb County, MI	5000477
Manistee County, MI	5000612
Marquette County, MI	5000950
Mason County, MI	5001099
Mecosta County, MI	5001594
Menominee County, MI	5001670
Midland County, MI	5001932
Missaukee County, MI	5002231
Monroe County, MI	5002348
Montcalm County, MI	5002390
Montmorency County, MI	5002394
Muskegon County, MI	5003136
Newaygo County, MI	5003426
Oakland County, MI	5004223
Oceana County, MI	5004294
Ogemaw County, MI	5004326
Ontonagon County, MI	5004521
Osceola County, MI	5004611
Oscoda County, MI	5004616
Otsego County, MI	5004659
Ottawa County, MI	5004681
Presque Isle County, MI	5006470
Roscommon County, MI	5007587
Saginaw County, MI	5007996
Saint Clair County, MI	5008112
Saint Joseph County, MI	5008347
Sanilac County, MI	5008950
Schoolcraft County, MI	5009187
Shiawassee County, MI	5009706
Tuscola County, MI	5012748
Van Buren County, MI	5013104
Washtenaw County, MI	5014120
Wayne County, MI	5014227
Wexford County, MI	5014729
Aitkin County, MN	5015979
Anoka County, MN	5016452
Becker County, MN	5017670
Beltrami County, MN	5017805
Benton County, MN	5017916
Big Stone County, MN	5018364
Blue Earth County, MN	5018756
Brown County, MN	5019385
Carlton County, MN	5020429
Carver County, MN	5020499
Cass County, MN	5020546
Chippewa County, MN	5021038
Chisago County, MN	5021070
Clay County, MN	5021444
Clearwater County, MN	5021535
Cook County, MN	5021977
Cottonwood County, MN	5022154
Crow Wing County, MN	5023545
Dakota County, MN	5023752
Dodge County, MN	5024432
Douglas County, MN	5024544
Faribault County, MN	5026292
Fillmore County, MN	5026478
Freeborn County, MN	5027399
Goodhue County, MN	5028232
Grant County, MN	5028615
Hennepin County, MN	5029877
Houston County, MN	5030806
Hubbard County, MN	5030862
Isanti County, MN	5031493
Itasca County, MN	5031616
Jackson County, MN	5031682
Kanabec County, MN	5032855
Kandiyohi County, MN	5032867
Kittson County, MN	5033353
Koochiching County, MN	5033463
Lac qui Parle County, MN	5033637
Lake County, MN	5033738
Lake of the Woods County, MN	5033955
Le Sueur County, MN	5034327
Lincoln County, MN	5034652
Lyon County, MN	5036131
Mahnomen County, MN	5036279
Marshall County, MN	5036734
Martin County, MN	5036797
McLeod County, MN	5037083
Meeker County, MN	5037200
Mille Lacs County, MN	5037515
Morrison County, MN	5038318
Mower County, MN	5038458
Murray County, MN	5038801
Nicollet County, MN	5039249
Nobles County, MN	5039323
Norman County, MN	5039381
Olmsted County, MN	5040211
Otter Tail County, MN	5040515
Pennington County, MN	5041121
Pine County, MN	5041542
Pipestone County, MN	5041756
Polk County, MN	5041970
Pope County, MN	5042066
Ramsey County, MN	5042563
Red Lake County, MN	5042730
Redwood County, MN	5042847
Renville County, MN	5042928
Rice County, MN	5043007
Rock County, MN	5043502
Roseau County, MN	5043753
Saint Louis County, MN	5045020
Scott County, MN	5046749
Sherburne County, MN	5047121
Sibley County, MN	5047260
Stearns County, MN	5048685
Steele County, MN	5048696
Stevens County, MN	5048759
Swift County, MN	5049534
Todd County, MN	5050162
Traverse County, MN	5050331
Wabasha County, MN	5051601
Wadena County, MN	5051662
Waseca County, MN	5051907
Washington County, MN	5051936
Watonwan County, MN	5052059
Wilkin County, MN	5052862
Winona County, MN	5053164
Wright County, MN	5053485
Yellow Medicine County, MN	5053562
Adair County, MO	5053853
Atchison County, MO	5053940
Clark County, MO	5054481
Gentry County, MO	5055119
Grundy County, MO	5055285
Harrison County, MO	5055359
Holt County, MO	5055521
Knox County, MO	5055806
Lewis County, MO	5055902
Mercer County, MO	5056253
Nodaway County, MO	5056549
Putnam County, MO	5056963
Schuyler County, MO	5057186
Scotland County, MO	5057190
Sullivan County, MO	5057455
Worth County, MO	5057952
Barnes County, ND	5058187
Benson County, ND	5058251
Cass County, ND	5058559
Cavalier County, ND	5058571
Dickey County, ND	5058882
Eddy County, ND	5058990
Foster County, ND	5059254
Grand Forks County, ND	5059430
Griggs County, ND	5059489
Kidder County, ND	5059961
LaMoure County, ND	5060009
Logan County, ND	5060192
McIntosh County, ND	5060360
Nelson County, ND	5060593
Pembina County, ND	5060890
Ramsey County, ND	5061063
Ransom County, ND	5061068
Richland County, ND	5061114
Rolette County, ND	5061157
Sargent County, ND	5061439
Steele County, ND	5062037
Stutsman County, ND	5062096
Towner County, ND	5062209
Traill County, ND	5062211
Walsh County, ND	5062384
Wells County, ND	5062441
Adams County, NE	5062699
Antelope County, NE	5063023
Blaine County, NE	5064222
Boone County, NE	5064432
Boyd County, NE	5064500
Brown County, NE	5064663
Buffalo County, NE	5064837
Burt County, NE	5064925
Butler County, NE	5064961
Cass County, NE	5065267
Cedar County, NE	5065306
Clay County, NE	5065828
Colfax County, NE	5065953
Cuming County, NE	5066574
Custer County, NE	5066605
Dakota County, NE	5066642
Dawson County, NE	5066750
Dixon County, NE	5067019
Dodge County, NE	5067039
Douglas County, NE	5067114
Fillmore County, NE	5068222
Franklin County, NE	5068649
Furnas County, NE	5068841
Gage County, NE	5068853
Garfield County, NE	5068888
Gosper County, NE	5069211
Greeley County, NE	5069397
Hall County, NE	5069587
Hamilton County, NE	5069604
Harlan County, NE	5069693
Holt County, NE	5070270
Howard County, NE	5070443
Jefferson County, NE	5070975
Johnson County, NE	5071072
Kearney County, NE	5071364
Knox County, NE	5071580
Lancaster County, NE	5071741
Loup County, NE	5072388
Madison County, NE	5072535
Merrick County, NE	5072973
Nance County, NE	5073611
Nemaha County, NE	5073780
Nuckolls County, NE	5074208
Otoe County, NE	5074642
Pawnee County, NE	5074895
Phelps County, NE	5075078
Pierce County, NE	5075153
Platte County, NE	5075315
Polk County, NE	5075605
Richardson County, NE	5076190
Rock County, NE	5076351
Saline County, NE	5077506
Sarpy County, NE	5077695
Saunders County, NE	5077708
Seward County, NE	5078798
Sherman County, NE	5078904
Stanton County, NE	5079543
Thayer County, NE	5080164
Thurston County, NE	5080274
Valley County, NE	5081000
Washington County, NE	5081383
Wayne County, NE	5081458
Webster County, NE	5081496
Wheeler County, NE	5081776
York County, NE	5082335
Belknap County, NH	5083273
Carroll County, NH	5084247
Cheshire County, NH	5084505
Coos County, NH	5084973
Grafton County, NH	5086767
Hillsborough County, NH	5087463
Merrimack County, NH	5089480
Rockingham County, NH	5091860
Strafford County, NH	5093237
Sullivan County, NH	5093334
Bergen County, NJ	5095598
Essex County, NJ	5097707
Hudson County, NJ	5099357
Hunterdon County, NJ	5099381
Mercer County, NJ	5101090
Middlesex County, NJ	5101160
Monmouth County, NJ	5101305
Morris County, NJ	5101405
Passaic County, NJ	5102445
Somerset County, NJ	5104759
Sussex County, NJ	5105168
Union County, NJ	5105640
Warren County, NJ	5106044
Albany County, NY	5106841
Allegany County, NY	5106997
Bronx, NY	5110253
Broome County, NY	5110365
Cattaraugus County, NY	5111846
Cayuga County, NY	5111868
Chautauqua County, NY	5112358
Chemung County, NY	5112392
Chenango County, NY	5112398
Clinton County, NY	5112977
Columbia County, NY	5113366
Cortland County, NY	5113792
Delaware County, NY	5114810
Dutchess County, NY	5115580
Erie County, NY	5116642
Essex County, NY	5116680
Franklin County, NY	5117867
Fulton County, NY	5118116
Genesee County, NY	5118380
Greene County, NY	5119355
Hamilton County, NY	5119847
Herkimer County, NY	5120548
Jefferson County, NY	5122581
Lewis County, NY	5124290
Livingston County, NY	5124928
Madison County, NY	5125630
Monroe County, NY	5127305
Montgomery County, NY	5127354
Nassau County, NY	5128316
New York County, NY	5128594
Niagara County, NY	5128734
Oneida County, NY	5129832
Onondaga County, NY	5129867
Ontario County, NY	5129891
Orange County, NY	5129915
Orleans County, NY	5129995
Oswego County, NY	5130076
Otsego County, NY	5130111
Putnam County, NY	5133166
Queens County, NY	5133268
Rensselaer County, NY	5133668
Rockland County, NY	5134189
St. Lawrence County, NY	5135484
Saratoga County, NY	5136325
Schenectady County, NY	5136456
Schoharie County, NY	5136495
Schuyler County, NY	5137368
Seneca County, NY	5137620
Richmond County, NY	5139559
Steuben County, NY	5139656
Suffolk County, NY	5140076
Sullivan County, NY	5140135
Tioga County, NY	5141045
Tompkins County, NY	5141153
Ulster County, NY	5141784
Warren County, NY	5143268
Washington County, NY	5143303
Wayne County, NY	5143455
Westchester County, NY	5144050
Wyoming County, NY	5145163
Yates County, NY	5145190
Allen County, OH	5145576
Ashland County, OH	5146062
Ashtabula County, OH	5146092
Auglaize County, OH	5146199
Belmont County, OH	5147012
Carroll County, OH	5149311
Champaign County, OH	5149757
Columbiana County, OH	5150853
Coshocton County, OH	5151190
Crawford County, OH	5151374
Cuyahoga County, OH	5151606
Darke County, OH	5151705
Defiance County, OH	5151865
Delaware County, OH	5151896
Erie County, OH	5153362
Fulton County, OH	5155347
Geauga County, OH	5155556
Guernsey County, OH	5156615
Hancock County, OH	5156770
Hardin County, OH	5156844
Harrison County, OH	5156975
Henry County, OH	5157338
Holmes County, OH	5157783
Huron County, OH	5158275
Jefferson County, OH	5159079
Knox County, OH	5159891
Lake County, OH	5160090
Licking County, OH	5160740
Logan County, OH	5161156
Lorain County, OH	5161272
Lucas County, OH	5161413
Mahoning County, OH	5161640
Marion County, OH	5161911
Medina County, OH	5162517
Mercer County, OH	5162679
Miami County, OH	5162774
Morrow County, OH	5163509
Ottawa County, OH	5165803
Paulding County, OH	5166256
Portage County, OH	5167284
Putnam County, OH	5167574
Richland County, OH	5168041
Sandusky County, OH	5170698
Seneca County, OH	5171643
Shelby County, OH	5171871
Stark County, OH	5172936
Summit County, OH	5173386
Trumbull County, OH	5174418
Tuscarawas County, OH	5174499
Union County, OH	5174669
Van Wert County, OH	5175012
Wayne County, OH	5175898
Williams County, OH	5176872
Wood County, OH	5177229
Wyandot County, OH	5177434
Allegheny County, PA	5178040
Armstrong County, PA	5178515
Beaver County, PA	5179454
Bedford County, PA	5179633
Berks County, PA	5180052
Blair County, PA	5180809
Bradford County, PA	5181416
Bucks County, PA	5182201
Butler County, PA	5182539
Cambria County, PA	5182829
Cameron County, PA	5182858
Carbon County, PA	5183193
Centre County, PA	5183763
Chester County, PA	5184079
Clarion County, PA	5184423
Clearfield County, PA	5184546
Clinton County, PA	5184630
Columbia County, PA	5185032
Crawford County, PA	5185801
Cumberland County, PA	5186106
Dauphin County, PA	5186395
Delaware County, PA	5186677
Elk County, PA	5188486
Erie County, PA	5188847
Fayette County, PA	5189414
Forest County, PA	5189967
Franklin County, PA	5190337
Fulton County, PA	5190669
Greene County, PA	5191994
Huntingdon County, PA	5194592
Indiana County, PA	5194872
Jefferson County, PA	5195307
Juniata County, PA	5195677
Lackawanna County, PA	5196674
Lancaster County, PA	5197085
Lawrence County, PA	5197440
Lebanon County, PA	5197522
Lehigh County, PA	5197646
Luzerne County, PA	5199309
Lycoming County, PA	5199318
McKean County, PA	5200448
Mercer County, PA	5200801
Mifflin County, PA	5201068
Monroe County, PA	5201707
Montgomery County, PA	5201756
Montour County, PA	5201786
Northampton County, PA	5203809
Northumberland County, PA	5203860
Perry County, PA	5205669
Philadelphia County, PA	5205788
Pike County, PA	5205930
Potter County, PA	5207042
Schuylkill County, PA	5211208
Snyder County, PA	5212772
Somerset County, PA	5212857
Sullivan County, PA	5214721
Susquehanna County, PA	5214915
Tioga County, PA	5215684
Union County, PA	5216649
Venango County, PA	5217142
Warren County, PA	5217991
Washington County, PA	5218076
Wayne County, PA	5218273
Westmoreland County, PA	5219013
Wyoming County, PA	5220239
York County, PA	5220355
Bristol County, RI	5221078
Kent County, RI	5222961
Newport County, RI	5223601
Providence County, RI	5224162
Washington County, RI	5225535
Aurora County, SD	5226093
Beadle County, SD	5226183
Bon Homme County, SD	5226441
Brookings County, SD	5226536
Brown County, SD	5226553
Brule County, SD	5226565
Buffalo County, SD	5226588
Charles Mix County, SD	5226849
Clark County, SD	5226904
Codington County, SD	5226970
Clay County, SD	5226973
Davison County, SD	5227222
Day County, SD	5227240
Deuel County, SD	5227295
Douglas County, SD	5227372
Edmunds County, SD	5227535
Faulk County, SD	5227752
Grant County, SD	5228179
Gregory County, SD	5228223
Hamlin County, SD	5228291
Hand County, SD	5228302
Hanson County, SD	5228308
Hughes County, SD	5228654
Hutchinson County, SD	5228688
Hyde County, SD	5228693
Jerauld County, SD	5228817
Kingsbury County, SD	5228997
Lake County, SD	5229128
Lincoln County, SD	5229313
Lyman County, SD	5229494
Marshall County, SD	5229574
McCook County, SD	5229622
McPherson County, SD	5229653
Miner County, SD	5229775
Minnehaha County, SD	5229782
Moody County, SD	5229837
Potter County, SD	5230591
Roberts County, SD	5230872
Sanborn County, SD	5231251
Spink County, SD	5231992
Tripp County, SD	5232417
Turner County, SD	5232458
Union County, SD	5232511
Walworth County, SD	5232702
Yankton County, SD	5233056
Addison County, VT	5233146
Bennington County, VT	5233748
Caledonia County, VT	5234484
Chittenden County, VT	5234861
Essex County, VT	5235945
Franklin County, VT	5236279
Grand Isle County, VT	5236542
Lamoille County, VT	5237839
Orange County, VT	5239504
Orleans County, VT	5239520
Rutland County, VT	5240516
Washington County, VT	5242529
Windham County, VT	5243051
Windsor County, VT	5243062
Adams County, WI	5243559
Ashland County, WI	5244249
Barron County, WI	5244742
Bayfield County, WI	5244967
Brown County, WI	5246898
Buffalo County, WI	5247108
Burnett County, WI	5247230
Calumet County, WI	5247444
Chippewa County, WI	5248507
Clark County, WI	5248812
Columbia County, WI	5249193
Crawford County, WI	5249701
Dane County, WI	5250074
Dodge County, WI	5250710
Door County, WI	5250768
Douglas County, WI	5250831
Dunn County, WI	5251040
Eau Claire County, WI	5251439
Florence County, WI	5253306
Fond du Lac County, WI	5253356
Forest County, WI	5253400
Grant County, WI	5254832
Green County, WI	5254978
Green Lake County, WI	5255015
Iowa County, WI	5257509
Iron County, WI	5257533
Jackson County, WI	5257673
Jefferson County, WI	5257788
Juneau County, WI	5258193
Kenosha County, WI	5258396
Kewaunee County, WI	5258491
La Crosse County, WI	5258961
Lafayette County, WI	5259061
Langlade County, WI	5259487
Lincoln County, WI	5259991
Manitowoc County, WI	5261587
Marathon County, WI	5261790
Marinette County, WI	5261856
Marquette County, WI	5261914
Menominee County, WI	5262622
Milwaukee County, WI	5263058
Monroe County, WI	5263335
Oconto County, WI	5265518
Oneida County, WI	5265726
Outagamie County, WI	5266044
Ozaukee County, WI	5266102
Pepin County, WI	5266547
Pierce County, WI	5266878
Polk County, WI	5267654
Portage County, WI	5267787
Price County, WI	5268067
Racine County, WI	5268253
Richland County, WI	5268859
Rock County, WI	5269209
Rusk County, WI	5269777
Saint Croix County, WI	5270199
Sauk County, WI	5272232
Sawyer County, WI	5272272
Shawano County, WI	5272875
Sheboygan County, WI	5272899
Taylor County, WI	5275451
Trempealeau County, WI	5276086
Vernon County, WI	5277134
Vilas County, WI	5277222
Walworth County, WI	5277773
Washburn County, WI	5277858
Washington County, WI	5277887
Waukesha County, WI	5278054
Waupaca County, WI	5278089
Waushara County, WI	5278147
Winnebago County, WI	5279387
Wood County, WI	5279557
Brooke County, WV	5280114
Hancock County, WV	5280351
Ohio County, WV	5280563
Cochise County, AZ	5290270
Coconino County, AZ	5290307
Gila County, AZ	5295877
Graham County, AZ	5296368
Greenlee County, AZ	5296837
La Paz County, AZ	5301323
Maricopa County, AZ	5303754
Mohave County, AZ	5305206
Navajo County, AZ	5306233
Pima County, AZ	5308878
Pinal County, AZ	5308916
Santa Cruz County, AZ	5313135
Yavapai County, AZ	5321860
Yuma County, AZ	5322057
Alameda County, CA	5322745
Alpine County, CA	5323414
Amador County, CA	5323622
Butte County, CA	5332191
Calaveras County, CA	5332628
Colusa County, CA	5338872
Contra Costa County, CA	5339268
El Dorado County, CA	5345659
Fresno County, CA	5350964
Glenn County, CA	5352462
Imperial County, CA	5359067
Inyo County, CA	5359604
Kern County, CA	5362932
Kings County, CA	5363385
Lake County, CA	5364466
Los Angeles County, CA	5368381
Madera County, CA	5369578
Marin County, CA	5370468
Mariposa County, CA	5370594
Mendocino County, CA	5372163
Merced County, CA	5372259
Mono County, CA	5374091
Monterey County, CA	5374376
Napa County, CA	5376101
Nevada County, CA	5376509
Orange County, CA	5379524
Placer County, CA	5383537
Plumas County, CA	5383832
Riverside County, CA	5387890
Sacramento County, CA	5389519
San Benito County, CA	5391692
San Bernardino County, CA	5391726
San Diego County, CA	5391832
San Francisco County, CA	5391997
San Joaquin County, CA	5392126
San Luis Obispo County, CA	5392329
San Mateo County, CA	5392427
Santa Barbara County, CA	5392967
Santa Clara County, CA	5393021
Santa Cruz County, CA	5393068
Sierra County, CA	5395582
Solano County, CA	5396987
Sonoma County, CA	5397100
Stanislaus County, CA	5398597
Sutter County, CA	5400390
Tulare County, CA	5403789
Tuolumne County, CA	5403973
Ventura County, CA	5405889
Yolo County, CA	5410882
Yuba County, CA	5411026
Adams County, CO	5411363
Arapahoe County, CO	5412056
Archuleta County, CO	5412082
Baca County, CO	5412453
Bent County, CO	5413481
Broomfield County, CO	5415040
Chaffee County, CO	5416621
Cheyenne County, CO	5416840
Clear Creek County, CO	5417183
Conejos County, CO	5417799
Costilla County, CO	5418130
Crowley County, CO	5418687
Custer County, CO	5418854
Delta County, CO	5419338
Denver County, CO	5419396
Dolores County, CO	5419761
Douglas County, CO	5419891
Eagle County, CO	5420332
El Paso County, CO	5420926
Elbert County, CO	5420936
Fremont County, CO	5422448
Garfield County, CO	5422751
Gilpin County, CO	5422987
Gunnison County, CO	5424092
Hinsdale County, CO	5425136
Huerfano County, CO	5425737
Jefferson County, CO	5426503
Kiowa County, CO	5427500
Kit Carson County, CO	5427526
La Plata County, CO	5427717
Lake County, CO	5427799
Las Animas County, CO	5428059
Lincoln County, CO	5428518
Mesa County, CO	5430806
Mineral County, CO	5431333
Montezuma County, CO	5431680
Montrose County, CO	5431716
Otero County, CO	5433658
Ouray County, CO	5433677
Park County, CO	5433959
Pitkin County, CO	5434773
Prowers County, CO	5435436
Pueblo County, CO	5435465
Rio Blanco County, CO	5436472
Rio Grande County, CO	5436477
Saguache County, CO	5437350
San Juan County, CO	5437668
San Miguel County, CO	5437707
Summit County, CO	5440680
Teller County, CO	5441188
Washington County, CO	5443305
Yuma County, CO	5444907
Cheyenne County, KS	5445155
Decatur County, KS	5445268
Finney County, KS	5445392
Gove County, KS	5445489
Grant County, KS	5445505
Gray County, KS	5445511
Greeley County, KS	5445516
Hamilton County, KS	5445544
Haskell County, KS	5445570
Kearny County, KS	5445733
Lane County, KS	5445806
Logan County, KS	5445855
Meade County, KS	5445955
Morton County, KS	5446023
Rawlins County, KS	5446276
Scott County, KS	5446427
Seward County, KS	5446445
Sheridan County, KS	5446459
Sherman County, KS	5446470
Stanton County, KS	5446561
Stevens County, KS	5446576
Thomas County, KS	5446632
Wallace County, KS	5446712
Wichita County, KS	5446780
Bernalillo County, NM	5457180
Catron County, NM	5460788
Chaves County, NM	5461428
Cibola County, NM	5462019
Colfax County, NM	5462567
Curry County, NM	5464151
De Baca County, NM	5464477
Doa Ana County, NM	5465283
Eddy County, NM	5466318
Grant County, NM	5469835
Guadalupe County, NM	5470197
Harding County, NM	5470675
Hidalgo County, NM	5471293
Lea County, NM	5475594
Lincoln County, NM	5475934
Los Alamos County, NM	5476834
Luna County, NM	5477433
McKinley County, NM	5478585
Mora County, NM	5480123
Otero County, NM	5482932
Quay County, NM	5485605
Rio Arriba County, NM	5487732
Roosevelt County, NM	5488372
San Juan County, NM	5489698
San Miguel County, NM	5489818
Sandoval County, NM	5490135
Santa Fe County, NM	5490272
Sierra County, NM	5491395
Socorro County, NM	5492031
Taos County, NM	5493780
Torrance County, NM	5494881
Union County, NM	5495841
Valencia County, NM	5496319
Carson City, NV	5501350
Churchill County, NV	5501785
Clark County, NV	5501879
Douglas County, NV	5503178
Esmeralda County, NV	5503780
Lander County, NV	5506935
Lincoln County, NV	5507189
Lyon County, NV	5507669
Mineral County, NV	5508393
Nye County, NV	5509519
Storey County, NV	5513171
White Pine County, NV	5514990
Beaver County, OK	5515593
Cimarron County, OK	5515651
Texas County, OK	5515937
Andrews County, TX	5516292
Armstrong County, TX	5516441
Bailey County, TX	5516581
Borden County, TX	5517459
Brewster County, TX	5517580
Briscoe County, TX	5517598
Carson County, TX	5518353
Castro County, TX	5518431
Childress County, TX	5518760
Cochran County, TX	5519156
Coke County, TX	5519174
Collingsworth County, TX	5519229
Cottle County, TX	5519440
Crane County, TX	5519649
Crockett County, TX	5519699
Crosby County, TX	5519715
Culberson County, TX	5519788
Dallam County, TX	5519868
Dawson County, TX	5519946
Deaf Smith County, TX	5520004
Dickens County, TX	5520187
Donley County, TX	5520330
Ector County, TX	5520910
Edwards County, TX	5520940
El Paso County, TX	5521001
Fisher County, TX	5521544
Floyd County, TX	5521640
Gaines County, TX	5521974
Garza County, TX	5522043
Glasscock County, TX	5522162
Gray County, TX	5522430
Hale County, TX	5522717
Hall County, TX	5522740
Hansford County, TX	5522806
Hartley County, TX	5522887
Hemphill County, TX	5523019
Hockley County, TX	5523240
Howard County, TX	5523520
Hudspeth County, TX	5523551
Hutchinson County, TX	5523630
Irion County, TX	5523809
Jeff Davis County, TX	5523967
Kent County, TX	5524519
King County, TX	5524574
Kinney County, TX	5524590
Lamb County, TX	5524844
Lipscomb County, TX	5525131
Loving County, TX	5525514
Lubbock County, TX	5525584
Lynn County, TX	5525637
Martin County, TX	5525816
Maverick County, TX	5525886
Midland County, TX	5526341
Mitchell County, TX	5526473
Moore County, TX	5526589
Motley County, TX	5526681
Nolan County, TX	5527151
Ochiltree County, TX	5527543
Oldham County, TX	5527746
Parmer County, TX	5528077
Pecos County, TX	5528185
Potter County, TX	5528613
Presidio County, TX	5528673
Randall County, TX	5528909
Reagan County, TX	5528987
Reeves County, TX	5529174
Roberts County, TX	5529403
Schleicher County, TX	5530333
Scurry County, TX	5530399
Sherman County, TX	5530618
Sterling County, TX	5531748
Stonewall County, TX	5531802
Sutton County, TX	5531955
Swisher County, TX	5531988
Terrell County, TX	5532186
Terry County, TX	5532197
Tom Green County, TX	5532405
Upton County, TX	5532876
Val Verde County, TX	5532889
Ward County, TX	5533109
Wheeler County, TX	5533544
Winkler County, TX	5534055
Yoakum County, TX	5534225
Beaver County, UT	5534886
Carbon County, UT	5536454
Emery County, UT	5538893
Garfield County, UT	5539525
Grand County, UT	5539784
Iron County, UT	5541004
Juab County, UT	5541372
Kane County, UT	5541473
Millard County, UT	5543199
Piute County, UT	5545027
San Juan County, UT	5546337
Sanpete County, UT	5546434
Sevier County, UT	5546669
Washington County, UT	5549225
Wayne County, UT	5549318
Alamosa County, CO	5550375
Apache County, AZ	5551519
Trinity County, CA	5553701
Juneau City and Borough, AK	5554074
Ketchikan Gateway Borough, AK	5554432
Prince of Wales-Outer Ketchikan Census Area, AK	5556541
Sitka City and Borough, AK	5557295
Wrangell-Petersburg Census Area, AK	5558599
Yakutat City and Borough, AK	5558618
Del Norte County, CA	5562484
Humboldt County, CA	5565500
Lassen County, CA	5566544
Modoc County, CA	5568120
Shasta County, CA	5571096
Siskiyou County, CA	5571369
Tehama County, CA	5572575
Boulder County, CO	5574999
Grand County, CO	5577529
Jackson County, CO	5578418
Larimer County, CO	5578884
Logan County, CO	5579185
Moffat County, CO	5579973
Morgan County, CO	5580055
Phillips County, CO	5580855
Routt County, CO	5581553
Sedgwick County, CO	5581788
Weld County, CO	5583239
Ada County, ID	5583739
Adams County, ID	5583743
Bannock County, ID	5584639
Bear Lake County, ID	5585000
Benewah County, ID	5585304
Bingham County, ID	5585826
Blaine County, ID	5586170
Boise County, ID	5586445
Bonner County, ID	5586489
Bonneville County, ID	5586500
Boundary County, ID	5586641
Butte County, ID	5587504
Camas County, ID	5587757
Canyon County, ID	5587975
Caribou County, ID	5588082
Cassia County, ID	5588204
Clark County, ID	5588908
Clearwater County, ID	5589005
Custer County, ID	5590383
Elmore County, ID	5592510
Franklin County, ID	5593547
Fremont County, ID	5593620
Gem County, ID	5593925
Gooding County, ID	5594311
Idaho County, ID	5596467
Jefferson County, ID	5596986
Jerome County, ID	5597037
Kootenai County, ID	5597922
Latah County, ID	5598264
Lemhi County, ID	5598464
Lewis County, ID	5598527
Lincoln County, ID	5598678
Madison County, ID	5599930
Minidoka County, ID	5601141
Nez Perce County, ID	5602115
Oneida County, ID	5602844
Owyhee County, ID	5603018
Payette County, ID	5603395
Power County, ID	5604439
Shoshone County, ID	5607202
Teton County, ID	5609855
Twin Falls County, ID	5610815
Valley County, ID	5611156
Washington County, ID	5611570
Beaverhead County, MT	5639238
Big Horn County, MT	5639974
Blaine County, MT	5640934
Broadwater County, MT	5642059
Carbon County, MT	5643686
Carter County, MT	5643864
Cascade County, MT	5643929
Chouteau County, MT	5644870
Custer County, MT	5647449
Daniels County, MT	5647744
Dawson County, MT	5647905
Deer Lodge County, MT	5648270
Fallon County, MT	5651490
Fergus County, MT	5651735
Flathead County, MT	5652361
Gallatin County, MT	5653656
Garfield County, MT	5653782
Glacier County, MT	5654267
Golden Valley County, MT	5654674
Granite County, MT	5654985
Hill County, MT	5657400
Jefferson County, MT	5659534
Judith Basin County, MT	5660055
Lake County, MT	5661385
Lewis and Clark County, MT	5662129
Liberty County, MT	5662222
Lincoln County, MT	5662406
Madison County, MT	5664295
McCone County, MT	5665177
Meagher County, MT	5665612
Mineral County, MT	5666480
Missoula County, MT	5666648
Musselshell County, MT	5667879
Park County, MT	5670652
Petroleum County, MT	5671200
Phillips County, MT	5671269
Pondera County, MT	5672061
Powder River County, MT	5672326
Powell County, MT	5672344
Prairie County, MT	5672408
Ravalli County, MT	5673204
Richland County, MT	5673849
Roosevelt County, MT	5674655
Rosebud County, MT	5674707
Sanders County, MT	5676299
Sheridan County, MT	5677503
Silver Bow County, MT	5677822
Stillwater County, MT	5680538
Sweet Grass County, MT	5681435
Teton County, MT	5681965
Toole County, MT	5682810
Treasure County, MT	5683061
Valley County, MT	5684246
Wheatland County, MT	5685886
Wibaux County, MT	5686294
Yellowstone County, MT	5687489
Adams County, ND	5687646
Billings County, ND	5688020
Bottineau County, ND	5688108
Bowman County, ND	5688138
Burke County, ND	5688254
Burleigh County, ND	5688266
Divide County, ND	5688792
Dunn County, ND	5688859
Emmons County, ND	5689006
Golden Valley County, ND	5689315
Grant County, ND	5689375
Hettinger County, ND	5689621
McHenry County, ND	5690436
McKenzie County, ND	5690440
McLean County, ND	5690448
Mercer County, ND	5690489
Morton County, ND	5690583
Mountrail County, ND	5690614
Oliver County, ND	5690889
Pierce County, ND	5691033
Renville County, ND	5691264
Sheridan County, ND	5692064
Sioux County, ND	5692108
Slope County, ND	5692146
Stark County, ND	5692348
Ward County, ND	5692798
Williams County, ND	5692940
Arthur County, NE	5693299
Banner County, NE	5693402
Box Butte County, NE	5693772
Chase County, NE	5694236
Cherry County, NE	5694243
Cheyenne County, NE	5694258
Dawes County, NE	5694727
Deuel County, NE	5694776
Dundy County, NE	5694963
Frontier County, NE	5695504
Garden County, NE	5695559
Grant County, NE	5695796
Hayes County, NE	5696051
Hitchcock County, NE	5696203
Hooker County, NE	5696254
Keith County, NE	5696644
Keya Paha County, NE	5696690
Kimball County, NE	5696719
Lincoln County, NE	5697026
Logan County, NE	5697135
McPherson County, NE	5697457
Morrill County, NE	5697710
Perkins County, NE	5698262
Red Willow County, NE	5698593
Scotts Bluff County, NE	5699397
Sheridan County, NE	5699519
Sioux County, NE	5699598
Thomas County, NE	5700112
Elko County, NV	5703673
Eureka County, NV	5703766
Humboldt County, NV	5704974
Pershing County, NV	5707263
Washoe County, NV	5709906
Baker County, OR	5712180
Benton County, OR	5713677
Clackamas County, OR	5719297
Clatsop County, OR	5719408
Columbia County, OR	5720173
Coos County, OR	5720502
Crook County, OR	5721611
Curry County, OR	5721936
Deschutes County, OR	5722958
Douglas County, OR	5723759
Gilliam County, OR	5728364
Grant County, OR	5729054
Harney County, OR	5730293
Hood River County, OR	5731767
Jackson County, OR	5733351
Jefferson County, OR	5733534
Josephine County, OR	5734120
Klamath County, OR	5735237
Lake County, OR	5735647
Lane County, OR	5735869
Lincoln County, OR	5736643
Linn County, OR	5736713
Malheur County, OR	5738839
Marion County, OR	5739051
Morrow County, OR	5741531
Multnomah County, OR	5742126
Polk County, OR	5746351
Sherman County, OR	5751614
Tillamook County, OR	5756780
Umatilla County, OR	5758058
Union County, OR	5758120
Wallowa County, OR	5759046
Wasco County, OR	5759298
Washington County, OR	5759333
Wheeler County, OR	5760229
Yamhill County, OR	5761960
Bennett County, SD	5762756
Butte County, SD	5763234
Campbell County, SD	5763333
Corson County, SD	5763761
Custer County, SD	5763916
Dewey County, SD	5764119
Fall River County, SD	5764690
Haakon County, SD	5765294
Harding County, SD	5765341
Jackson County, SD	5765964
Jones County, SD	5766096
Lawrence County, SD	5766411
Meade County, SD	5767000
Mellette County, SD	5767033
Pennington County, SD	5767840
Perkins County, SD	5767864
Shannon County, SD	5768976
Stanley County, SD	5769386
Sully County, SD	5769502
Todd County, SD	5769778
Ziebach County, SD	5770576
Box Elder County, UT	5771875
Cache County, UT	5772317
Daggett County, UT	5773608
Davis County, UT	5773664
Duchesne County, UT	5774137
Morgan County, UT	5778525
Rich County, UT	5780377
Salt Lake County, UT	5781004
Summit County, UT	5782267
Tooele County, UT	5783699
Uintah County, UT	5783919
Utah County, UT	5784025
Wasatch County, UT	5784339
Weber County, UT	5784440
Adams County, WA	5785282
Asotin County, WA	5785935
Benton County, WA	5786991
Chelan County, WA	5789829
Clallam County, WA	5790164
Clark County, WA	5790179
Columbia County, WA	5790614
Cowlitz County, WA	5791206
Douglas County, WA	5792681
Ferry County, WA	5794294
Franklin County, WA	5794976
Garfield County, WA	5795265
Grant County, WA	5796034
Grays Harbor County, WA	5796126
Island County, WA	5798453
Jefferson County, WA	5798663
King County, WA	5799783
Kitsap County, WA	5799853
Kittitas County, WA	5799889
Klickitat County, WA	5799909
Lewis County, WA	5800813
Lincoln County, WA	5800965
Mason County, WA	5802584
Okanogan County, WA	5805553
Pacific County, WA	5806002
Pend Oreille County, WA	5806491
Pierce County, WA	5806769
San Juan County, WA	5809422
Skagit County, WA	5810608
Skamania County, WA	5810628
Snohomish County, WA	5810982
Spokane County, WA	5811704
Stevens County, WA	5812148
Thurston County, WA	5813521
Wahkiakum County, WA	5814851
Walla Walla County, WA	5814921
Whatcom County, WA	5815675
Whitman County, WA	5815891
Yakima County, WA	5816597
Albany County, WY	5816904
Big Horn County, WY	5818658
Campbell County, WY	5820441
Carbon County, WY	5820552
Converse County, WY	5821791
Crook County, WY	5822351
Fremont County, WY	5825643
Goshen County, WY	5826220
Hot Springs County, WY	5828054
Johnson County, WY	5828957
Laramie County, WY	5830051
Lincoln County, WY	5830383
Natrona County, WY	5833224
Niobrara County, WY	5833446
Park County, WY	5834587
Platte County, WY	5835308
Sheridan County, WY	5838199
Sublette County, WY	5840177
Sweetwater County, WY	5840426
Teton County, WY	5840786
Uinta County, WY	5841693
Washakie County, WY	5842257
Weston County, WY	5842707
Annette Island Reserve, AK	5844411
Haines Borough, AK	5846893
Kalawao County, HI	5847795
Kauai County, HI	5848514
Maui County, HI	5850871
Hawaii County, HI	5855765
Honolulu County, HI	5856194
Bristol Bay Borough, AK	5858042
Denali Borough, AK	5860541
Dillingham Census Area, AK	5860696
Fairbanks North Star Borough, AK	5861900
Kenai Peninsula Borough, AK	5866071
Kodiak Island Borough, AK	5866574
Lake and Peninsula Borough, AK	5867113
Matanuska-Susitna Borough, AK	5868437
Nome Census Area, AK	5870134
North Slope Borough, AK	5870308
Northwest Arctic Borough, AK	5870351
Southeast Fairbanks Census Area, AK	5874863
Valdez-Cordova Census Area, AK	5877395
Wade Hampton Census Area, AK	5877533
Yukon-Koyukuk Census Area, AK	5878558
Aleutians West Census Area, AK	5879164
Aleutians East Borough, AK	5879166
Anchorage Municipality, AK	5879348
Bethel Census Area, AK	5880573
Kings County, NY	6941775
Skagway Municipality, AK	7117565
Hoonah-Angoon Census Area, AK	7117568
City and Borough of Wrangell, AK	7117591
Petersburg Census Area, AK	7117732
